,anime_id,name,picture_medium,picture_large,status,rating,watched_episode,rewatching,last_updated,finish_date,start_date
0,52034,"""Oshi no Ko""",https://cdn.myanimelist.net/images/anime/1812/134736.jpg,https://cdn.myanimelist.net/images/anime/1812/134736l.jpg,completed,10,11,False,2023-11-03T23:28:20+00:00,2023-11-03,
1,49938,Ame wo Tsugeru Hyouryuu Danchi,https://cdn.myanimelist.net/images/anime/1263/124155.jpg,https://cdn.myanimelist.net/images/anime/1263/124155l.jpg,plan_to_watch,0,0,False,2022-06-27T12:41:18+00:00,,
2,36214,Asagao to Kase-san.,https://cdn.myanimelist.net/images/anime/1578/94205.jpg,https://cdn.myanimelist.net/images/anime/1578/94205l.jpg,plan_to_watch,0,0,False,2022-07-14T20:54:38+00:00,,
3,38328,Azur Lane,https://cdn.myanimelist.net/images/anime/1106/111620.jpg,https://cdn.myanimelist.net/images/anime/1106/111620l.jpg,completed,6,12,False,2022-03-31T10:45:20+00:00,2022-03-31,
4,40930,Azur Lane: Bisoku Zenshin!,https://cdn.myanimelist.net/images/anime/1137/113872.jpg,https://cdn.myanimelist.net/images/anime/1137/113872l.jpg,completed,6,12,False,2022-04-01T01:33:53+00:00,2022-03-31,
5,49487,Azur Lane: Bisoku Zenshin! Hokorashiki Bokou ni Shukusai wo,https://cdn.myanimelist.net/images/anime/1476/116733.jpg,https://cdn.myanimelist.net/images/anime/1476/116733l.jpg,completed,6,1,False,2022-04-09T23:02:39+00:00,2022-03-31,
6,2156,Bakugan Battle Brawlers,https://cdn.myanimelist.net/images/anime/7/21568.jpg,https://cdn.myanimelist.net/images/anime/7/21568l.jpg,completed,8,52,False,2022-04-12T14:44:00+00:00,2022-03-31,
7,5337,Bakugan Battle Brawlers: New Vestroia,https://cdn.myanimelist.net/images/anime/1894/133816.jpg,https://cdn.myanimelist.net/images/anime/1894/133816l.jpg,dropped,0,10,False,2022-03-31T10:52:17+00:00,,2022-03-31
8,530,Bishoujo Senshi Sailor Moon,https://cdn.myanimelist.net/images/anime/1440/92258.jpg,https://cdn.myanimelist.net/images/anime/1440/92258l.jpg,completed,0,46,False,2022-04-11T01:41:18+00:00,2022-04-10,
9,740,Bishoujo Senshi Sailor Moon R,https://cdn.myanimelist.net/images/anime/1/740.jpg,https://cdn.myanimelist.net/images/anime/1/740l.jpg,on_hold,0,32,False,2022-10-08T00:55:19+00:00,,2022-04-10
10,47917,Bocchi the Rock!,https://cdn.myanimelist.net/images/anime/1448/127956.jpg,https://cdn.myanimelist.net/images/anime/1448/127956l.jpg,completed,10,12,False,2022-12-25T00:15:57+00:00,2022-12-24,
11,43814,Deatte 5-byou de Battle,https://cdn.myanimelist.net/images/anime/1145/115565.jpg,https://cdn.myanimelist.net/images/anime/1145/115565l.jpg,completed,7,12,False,2022-07-19T06:18:46+00:00,2022-07-18,
12,50481,"Eiyuuou, Bu wo Kiwameru Tame Tenseisu: Soshite, Sekai Saikyou no Minarai Kishi♀",https://cdn.myanimelist.net/images/anime/1044/129594.jpg,https://cdn.myanimelist.net/images/anime/1044/129594l.jpg,completed,7,12,False,2023-10-21T06:47:44+00:00,2023-10-20,
13,38062,Endro~!,https://cdn.myanimelist.net/images/anime/1300/111361.jpg,https://cdn.myanimelist.net/images/anime/1300/111361l.jpg,completed,6,12,False,2022-06-23T04:16:07+00:00,2022-06-22,
14,51417,Engage Kiss,https://cdn.myanimelist.net/images/anime/1549/125495.jpg,https://cdn.myanimelist.net/images/anime/1549/125495l.jpg,on_hold,0,1,False,2022-10-08T00:55:30+00:00,,2022-07-07
15,36184,Feng Ling Yu Xiu,https://cdn.myanimelist.net/images/anime/1658/115791.jpg,https://cdn.myanimelist.net/images/anime/1658/115791l.jpg,completed,8,12,False,2023-07-20T01:56:58+00:00,2023-07-19,
16,30544,Gakusen Toshi Asterisk,https://cdn.myanimelist.net/images/anime/5/76034.jpg,https://cdn.myanimelist.net/images/anime/5/76034l.jpg,completed,6,12,False,2022-09-16T07:43:45+00:00,2022-09-16,
17,31737,Gakusen Toshi Asterisk 2nd Season,https://cdn.myanimelist.net/images/anime/11/79107.jpg,https://cdn.myanimelist.net/images/anime/11/79107l.jpg,completed,7,12,False,2022-10-15T03:45:25+00:00,2022-10-14,
18,41710,Genjitsu Shugi Yuusha no Oukoku Saikenki,https://cdn.myanimelist.net/images/anime/1297/118764.jpg,https://cdn.myanimelist.net/images/anime/1297/118764l.jpg,completed,7,13,False,2022-06-01T05:56:39+00:00,2022-05-31,
19,49930,Genjitsu Shugi Yuusha no Oukoku Saikenki Part 2,https://cdn.myanimelist.net/images/anime/1088/120068.jpg,https://cdn.myanimelist.net/images/anime/1088/120068l.jpg,completed,7,13,False,2022-06-01T12:00:45+00:00,2022-06-01,
20,44270,He Wei Dao x Hui Yeda Xiaojie Xiangyao Wo Gaobai,https://cdn.myanimelist.net/images/anime/1513/110504.jpg,https://cdn.myanimelist.net/images/anime/1513/110504l.jpg,completed,0,2,False,2023-04-24T23:32:20+00:00,2023-04-24,
21,36686,Hifuu Katsudou Kiroku: The Sealed Esoteric History,https://cdn.myanimelist.net/images/anime/9/88676.jpg,https://cdn.myanimelist.net/images/anime/9/88676l.jpg,plan_to_watch,0,0,False,2022-10-21T00:38:17+00:00,,
22,39468,Honzuki no Gekokujou: Shisho ni Naru Tame ni wa Shudan wo Erandeiraremasen,https://cdn.myanimelist.net/images/anime/1582/101697.jpg,https://cdn.myanimelist.net/images/anime/1582/101697l.jpg,completed,8,14,False,2022-06-23T13:29:55+00:00,2022-06-23,
23,40815,Honzuki no Gekokujou: Shisho ni Naru Tame ni wa Shudan wo Erandeiraremasen 2nd Season,https://cdn.myanimelist.net/images/anime/1464/107998.jpg,https://cdn.myanimelist.net/images/anime/1464/107998l.jpg,completed,8,12,False,2022-06-24T13:07:37+00:00,2022-06-24,
24,42429,Honzuki no Gekokujou: Shisho ni Naru Tame ni wa Shudan wo Erandeiraremasen 3rd Season,https://cdn.myanimelist.net/images/anime/1976/122302.jpg,https://cdn.myanimelist.net/images/anime/1976/122302l.jpg,completed,9,10,False,2022-06-24T13:07:49+00:00,2022-06-24,
25,40841,Honzuki no Gekokujou: Shisho ni Naru Tame ni wa Shudan wo Erandeiraremasen OVA,https://cdn.myanimelist.net/images/anime/1931/114311.jpg,https://cdn.myanimelist.net/images/anime/1931/114311l.jpg,completed,0,1,False,2022-06-24T23:08:59+00:00,2022-06-24,
26,42897,Horimiya,https://cdn.myanimelist.net/images/anime/1695/111486.jpg,https://cdn.myanimelist.net/images/anime/1695/111486l.jpg,completed,9,13,False,2022-04-12T06:18:21+00:00,2022-04-11,
27,38790,Itai no wa Iya nanode Bougyoryoku ni Kyokufuri Shitai to Omoimasu.,https://cdn.myanimelist.net/images/anime/1579/113812.jpg,https://cdn.myanimelist.net/images/anime/1579/113812l.jpg,completed,8,12,False,2022-09-08T07:30:57+00:00,2022-05-03,
28,52198,Kaguya-sama wa Kokurasetai: First Kiss wa Owaranai,https://cdn.myanimelist.net/images/anime/1670/130060.jpg,https://cdn.myanimelist.net/images/anime/1670/130060l.jpg,completed,8,1,False,2023-04-26T04:54:27+00:00,2023-04-25,
29,37999,Kaguya-sama wa Kokurasetai: Tensai-tachi no Renai Zunousen,https://cdn.myanimelist.net/images/anime/1295/106551.jpg,https://cdn.myanimelist.net/images/anime/1295/106551l.jpg,completed,8,12,False,2023-04-24T23:31:58+00:00,2023-04-23,
30,43608,Kaguya-sama wa Kokurasetai: Ultra Romantic,https://cdn.myanimelist.net/images/anime/1160/122627.jpg,https://cdn.myanimelist.net/images/anime/1160/122627l.jpg,completed,9,13,False,2023-04-26T04:54:32+00:00,2023-04-25,
31,40591,Kaguya-sama wa Kokurasetai? Tensai-tachi no Renai Zunousen,https://cdn.myanimelist.net/images/anime/1764/106659.jpg,https://cdn.myanimelist.net/images/anime/1764/106659l.jpg,completed,8,12,False,2023-04-24T23:32:06+00:00,2023-04-24,
32,43609,Kaguya-sama wa Kokurasetai? Tensai-tachi no Renai Zunousen OVA,https://cdn.myanimelist.net/images/anime/1027/115055.jpg,https://cdn.myanimelist.net/images/anime/1027/115055l.jpg,completed,0,1,False,2023-04-24T23:32:36+00:00,2023-04-24,
33,45613,Kawaii dake ja Nai Shikimori-san,https://cdn.myanimelist.net/images/anime/1995/121695.jpg,https://cdn.myanimelist.net/images/anime/1995/121695l.jpg,on_hold,0,3,False,2022-10-08T00:55:33+00:00,,2022-04-10
34,42072,Kenja no Deshi wo Nanoru Kenja,https://cdn.myanimelist.net/images/anime/1583/119223.jpg,https://cdn.myanimelist.net/images/anime/1583/119223l.jpg,completed,5,12,False,2022-10-12T19:59:27+00:00,2022-10-12,
35,38000,Kimetsu no Yaiba,https://cdn.myanimelist.net/images/anime/1286/99889.jpg,https://cdn.myanimelist.net/images/anime/1286/99889l.jpg,completed,9,26,False,2022-05-06T11:35:08+00:00,2022-03-26,
36,40456,Kimetsu no Yaiba Movie: Mugen Ressha-hen,https://cdn.myanimelist.net/images/anime/1704/106947.jpg,https://cdn.myanimelist.net/images/anime/1704/106947l.jpg,completed,8,1,False,2022-04-09T23:02:50+00:00,2022-03-26,
37,51019,Kimetsu no Yaiba: Katanakaji no Sato-hen,https://cdn.myanimelist.net/images/anime/1765/135099.jpg,https://cdn.myanimelist.net/images/anime/1765/135099l.jpg,plan_to_watch,0,0,False,2022-03-27T04:17:36+00:00,,
38,49926,Kimetsu no Yaiba: Mugen Ressha-hen,https://cdn.myanimelist.net/images/anime/1065/118763.jpg,https://cdn.myanimelist.net/images/anime/1065/118763l.jpg,completed,8,7,False,2022-04-09T23:03:03+00:00,2022-03-26,
39,47778,Kimetsu no Yaiba: Yuukaku-hen,https://cdn.myanimelist.net/images/anime/1908/120036.jpg,https://cdn.myanimelist.net/images/anime/1908/120036l.jpg,completed,9,11,False,2022-05-06T11:35:17+00:00,2022-03-26,
40,40595,"Kimi to Boku no Saigo no Senjou, Aruiwa Sekai ga Hajimaru Seisen",https://cdn.myanimelist.net/images/anime/1100/109044.jpg,https://cdn.myanimelist.net/images/anime/1100/109044l.jpg,completed,7,12,False,2022-06-03T08:34:44+00:00,2022-06-03,
41,49981,"Kimi to Boku no Saigo no Senjou, Aruiwa Sekai ga Hajimaru Seisen Season II",https://cdn.myanimelist.net/images/anime/1322/139708.jpg,https://cdn.myanimelist.net/images/anime/1322/139708l.jpg,plan_to_watch,0,0,False,2022-07-09T11:30:12+00:00,,
42,37475,Kishuku Gakkou no Juliet,https://cdn.myanimelist.net/images/anime/1908/93416.jpg,https://cdn.myanimelist.net/images/anime/1908/93416l.jpg,completed,9,12,False,2022-04-07T10:29:46+00:00,2022-04-03,2022-04-03
43,34104,Knight's & Magic,https://cdn.myanimelist.net/images/anime/1472/93813.jpg,https://cdn.myanimelist.net/images/anime/1472/93813l.jpg,dropped,0,3,False,2022-12-23T11:44:55+00:00,,2022-12-23
44,30831,Kono Subarashii Sekai ni Shukufuku wo!,https://cdn.myanimelist.net/images/anime/8/77831.jpg,https://cdn.myanimelist.net/images/anime/8/77831l.jpg,completed,9,10,False,2022-09-04T19:26:30+00:00,2022-03-26,
45,32937,Kono Subarashii Sekai ni Shukufuku wo! 2,https://cdn.myanimelist.net/images/anime/2/83188.jpg,https://cdn.myanimelist.net/images/anime/2/83188l.jpg,completed,9,10,False,2022-09-04T19:26:38+00:00,2022-03-26,
46,34626,Kono Subarashii Sekai ni Shukufuku wo! 2: Kono Subarashii Geijutsu ni Shukufuku wo!,https://cdn.myanimelist.net/images/anime/1115/98517.jpg,https://cdn.myanimelist.net/images/anime/1115/98517l.jpg,completed,0,1,False,2022-03-27T04:18:45+00:00,2022-03-26,
47,49458,Kono Subarashii Sekai ni Shukufuku wo! 3,https://cdn.myanimelist.net/images/anime/1800/136599.jpg,https://cdn.myanimelist.net/images/anime/1800/136599l.jpg,plan_to_watch,0,0,False,2022-03-27T04:19:10+00:00,,
48,32380,Kono Subarashii Sekai ni Shukufuku wo! Kono Subarashii Choker ni Shukufuku wo!,https://cdn.myanimelist.net/images/anime/1649/98516.jpg,https://cdn.myanimelist.net/images/anime/1649/98516l.jpg,completed,0,1,False,2022-03-27T04:18:51+00:00,2022-03-26,
49,38040,Kono Subarashii Sekai ni Shukufuku wo! Movie: Kurenai Densetsu,https://cdn.myanimelist.net/images/anime/1638/119321.jpg,https://cdn.myanimelist.net/images/anime/1638/119321l.jpg,completed,9,1,False,2022-05-06T11:34:53+00:00,2022-03-26,
50,28623,Koutetsujou no Kabaneri,https://cdn.myanimelist.net/images/anime/12/79164.jpg,https://cdn.myanimelist.net/images/anime/12/79164l.jpg,completed,8,12,False,2022-06-21T06:14:52+00:00,2022-06-20,
51,34544,Koutetsujou no Kabaneri Movie 3: Unato Kessen,https://cdn.myanimelist.net/images/anime/1749/99713.jpg,https://cdn.myanimelist.net/images/anime/1749/99713l.jpg,completed,8,1,False,2022-06-21T11:05:11+00:00,2022-06-21,
52,40974,Kuma Kuma Kuma Bear,https://cdn.myanimelist.net/images/anime/1413/110712.jpg,https://cdn.myanimelist.net/images/anime/1413/110712l.jpg,completed,7,12,False,2022-05-25T09:08:17+00:00,2022-05-25,
53,48239,Leadale no Daichi nite,https://cdn.myanimelist.net/images/anime/1671/120628.jpg,https://cdn.myanimelist.net/images/anime/1671/120628l.jpg,completed,7,12,False,2022-06-18T10:21:20+00:00,2022-06-18,
54,39071,Machikado Mazoku,https://cdn.myanimelist.net/images/anime/1633/111518.jpg,https://cdn.myanimelist.net/images/anime/1633/111518l.jpg,completed,8,12,False,2022-10-13T07:34:40+00:00,2022-10-13,
55,42745,Machikado Mazoku: 2-choume,https://cdn.myanimelist.net/images/anime/1036/121135.jpg,https://cdn.myanimelist.net/images/anime/1036/121135l.jpg,completed,8,12,False,2022-10-18T06:54:10+00:00,2022-10-17,
56,20785,Mahouka Koukou no Rettousei,https://cdn.myanimelist.net/images/anime/11/61039.jpg,https://cdn.myanimelist.net/images/anime/11/61039l.jpg,completed,6,26,False,2022-06-14T10:50:50+00:00,2022-05-30,
57,50668,Mahoutsukai no Yoru,https://cdn.myanimelist.net/images/anime/1995/120244.jpg,https://cdn.myanimelist.net/images/anime/1995/120244l.jpg,plan_to_watch,0,0,False,2022-06-13T07:51:15+00:00,,
58,40571,Majo no Tabitabi,https://cdn.myanimelist.net/images/anime/1802/108501.jpg,https://cdn.myanimelist.net/images/anime/1802/108501l.jpg,completed,10,12,False,2022-06-25T10:07:40+00:00,2022-06-25,
59,50597,Massara,https://cdn.myanimelist.net/images/anime/1485/120354.jpg,https://cdn.myanimelist.net/images/anime/1485/120354l.jpg,plan_to_watch,0,0,False,2022-04-10T18:44:12+00:00,,
60,50593,"Natsu e no Tunnel, Sayonara no Deguchi",https://cdn.myanimelist.net/images/anime/1462/125397.jpg,https://cdn.myanimelist.net/images/anime/1462/125397l.jpg,plan_to_watch,0,0,False,2022-06-27T12:39:43+00:00,,
61,19815,No Game No Life,https://cdn.myanimelist.net/images/anime/1074/111944.jpg,https://cdn.myanimelist.net/images/anime/1074/111944l.jpg,completed,8,12,False,2022-09-08T07:29:38+00:00,2022-07-17,
62,41899,Ore dake Haireru Kakushi Dungeon,https://cdn.myanimelist.net/images/anime/1988/115708.jpg,https://cdn.myanimelist.net/images/anime/1988/115708l.jpg,plan_to_watch,0,0,False,2022-06-03T10:48:39+00:00,,
63,14749,Ore no Kanojo to Osananajimi ga Shuraba Sugiru,https://cdn.myanimelist.net/images/anime/13/44187.jpg,https://cdn.myanimelist.net/images/anime/13/44187l.jpg,plan_to_watch,0,0,False,2022-04-07T20:40:30+00:00,,
64,38555,Otome Game no Hametsu Flag shika Nai Akuyaku Reijou ni Tensei shiteshimatta...,https://cdn.myanimelist.net/images/anime/1483/107061.jpg,https://cdn.myanimelist.net/images/anime/1483/107061l.jpg,completed,8,12,False,2022-07-21T09:35:37+00:00,2022-07-21,
65,50461,Otome Game Sekai wa Mob ni Kibishii Sekai desu,https://cdn.myanimelist.net/images/anime/1161/121462.jpg,https://cdn.myanimelist.net/images/anime/1161/121462l.jpg,completed,7,12,False,2022-06-22T11:27:04+00:00,2022-06-22,
66,527,Pokemon,https://cdn.myanimelist.net/images/anime/13/73834.jpg,https://cdn.myanimelist.net/images/anime/13/73834l.jpg,completed,0,276,False,2022-03-31T10:53:08+00:00,2022-03-31,
67,11019,Pokemon 3D Adventure: Mew wo Sagase!,https://cdn.myanimelist.net/images/anime/3/30561.jpg,https://cdn.myanimelist.net/images/anime/3/30561l.jpg,completed,0,1,False,2022-03-31T10:58:52+00:00,2022-03-31,
68,1564,Pokemon Advanced Generation,https://cdn.myanimelist.net/images/anime/1759/97378.jpg,https://cdn.myanimelist.net/images/anime/1759/97378l.jpg,completed,0,192,False,2022-03-31T10:53:27+00:00,2022-03-31,
69,9107,Pokemon Best Wishes!,https://cdn.myanimelist.net/images/anime/7/26135.jpg,https://cdn.myanimelist.net/images/anime/7/26135l.jpg,completed,0,84,False,2022-03-31T10:55:05+00:00,2022-03-31,
70,14093,Pokemon Best Wishes! Season 2,https://cdn.myanimelist.net/images/anime/1227/113635.jpg,https://cdn.myanimelist.net/images/anime/1227/113635l.jpg,completed,0,24,False,2022-03-31T10:56:08+00:00,2022-03-31,
71,17873,Pokemon Best Wishes! Season 2: Decolora Adventure,https://cdn.myanimelist.net/images/anime/5/49285.jpg,https://cdn.myanimelist.net/images/anime/5/49285l.jpg,completed,0,20,False,2022-03-31T10:57:36+00:00,2022-03-31,
72,17115,Pokemon Best Wishes! Season 2: Episode N,https://cdn.myanimelist.net/images/anime/7/45749.jpg,https://cdn.myanimelist.net/images/anime/7/45749l.jpg,completed,0,14,False,2022-03-31T10:57:01+00:00,2022-03-31,
73,1565,Pokemon Diamond & Pearl,https://cdn.myanimelist.net/images/anime/13/25749.jpg,https://cdn.myanimelist.net/images/anime/13/25749l.jpg,completed,0,191,False,2022-03-31T10:54:27+00:00,2022-03-31,
74,34514,Pokemon Generations,https://cdn.myanimelist.net/images/anime/11/83210.jpg,https://cdn.myanimelist.net/images/anime/11/83210l.jpg,completed,0,18,False,2022-03-31T10:56:03+00:00,2022-03-31,
75,11073,Pokemon Introductory Recap,https://cdn.myanimelist.net/images/anime/7/30675.jpg,https://cdn.myanimelist.net/images/anime/7/30675l.jpg,completed,0,1,False,2022-03-31T10:58:14+00:00,2022-03-31,
76,528,Pokemon Movie 01: Mewtwo no Gyakushuu,https://cdn.myanimelist.net/images/anime/13/65699.jpg,https://cdn.myanimelist.net/images/anime/13/65699l.jpg,completed,0,1,False,2022-03-31T10:52:49+00:00,2022-03-31,
77,1117,Pokemon Movie 02: Maboroshi no Pokemon Lugia Bakutan,https://cdn.myanimelist.net/images/anime/11/41801.jpg,https://cdn.myanimelist.net/images/anime/11/41801l.jpg,completed,0,1,False,2022-03-31T10:53:13+00:00,2022-03-31,
78,1118,Pokemon Movie 03: Kesshoutou no Teiou Entei,https://cdn.myanimelist.net/images/anime/7/80288.jpg,https://cdn.myanimelist.net/images/anime/7/80288l.jpg,completed,0,1,False,2022-03-31T10:53:18+00:00,2022-03-31,
79,1119,Pokemon Movie 04: Celebi Toki wo Koeta Deai,https://cdn.myanimelist.net/images/anime/2/41799.jpg,https://cdn.myanimelist.net/images/anime/2/41799l.jpg,completed,0,1,False,2022-03-31T10:53:23+00:00,2022-03-31,
80,1120,Pokemon Movie 05: Mizu no Miyako no Mamorigami Latias to Latios,https://cdn.myanimelist.net/images/anime/2/21317.jpg,https://cdn.myanimelist.net/images/anime/2/21317l.jpg,completed,0,1,False,2022-03-31T10:53:49+00:00,2022-03-31,
81,1121,Pokemon Movie 06: Nanayo no Negaiboshi Jirachi,https://cdn.myanimelist.net/images/anime/13/75733.jpg,https://cdn.myanimelist.net/images/anime/13/75733l.jpg,completed,0,1,False,2022-03-31T10:55:45+00:00,2022-03-31,
82,1122,Pokemon Movie 07: Rekkuu no Houmonsha Deoxys,https://cdn.myanimelist.net/images/anime/9/21313.jpg,https://cdn.myanimelist.net/images/anime/9/21313l.jpg,completed,0,1,False,2022-03-31T10:53:58+00:00,2022-03-31,
83,1526,Pokemon Movie 08: Mew to Hadou no Yuusha Lucario,https://cdn.myanimelist.net/images/anime/6/79257.jpg,https://cdn.myanimelist.net/images/anime/6/79257l.jpg,completed,0,1,False,2022-03-31T10:54:11+00:00,2022-03-31,
84,2201,Pokemon Movie 09: Pokemon Ranger to Umi no Ouji Manaphy,https://cdn.myanimelist.net/images/anime/10/23168.jpg,https://cdn.myanimelist.net/images/anime/10/23168l.jpg,completed,0,1,False,2022-03-31T10:54:20+00:00,2022-03-31,
85,2847,Pokemon Movie 10: Dialga vs. Palkia vs. Darkrai,https://cdn.myanimelist.net/images/anime/1119/94419.jpg,https://cdn.myanimelist.net/images/anime/1119/94419l.jpg,completed,0,1,False,2022-03-31T10:53:32+00:00,2022-03-31,
86,4026,Pokemon Movie 11: Giratina to Sora no Hanataba Sheimi,https://cdn.myanimelist.net/images/anime/3/21316.jpg,https://cdn.myanimelist.net/images/anime/3/21316l.jpg,completed,0,1,False,2022-03-31T10:54:03+00:00,2022-03-31,
87,6178,Pokemon Movie 12: Arceus Choukoku no Jikuu e,https://cdn.myanimelist.net/images/anime/8/21315.jpg,https://cdn.myanimelist.net/images/anime/8/21315l.jpg,completed,0,1,False,2022-03-31T10:54:32+00:00,2022-03-31,
88,7695,Pokemon Movie 13: Genei no Hasha Zoroark,https://cdn.myanimelist.net/images/anime/5/26915.jpg,https://cdn.myanimelist.net/images/anime/5/26915l.jpg,completed,0,1,False,2022-03-31T10:55:58+00:00,2022-03-31,
89,34540,Pokemon Movie 20: Kimi ni Kimeta!,https://cdn.myanimelist.net/images/anime/1402/122043.jpg,https://cdn.myanimelist.net/images/anime/1402/122043l.jpg,completed,0,1,False,2022-03-31T10:55:34+00:00,2022-03-31,
90,2363,Pokemon Side Stories,https://cdn.myanimelist.net/images/anime/3/21390.jpg,https://cdn.myanimelist.net/images/anime/3/21390l.jpg,completed,0,16,False,2022-03-31T10:56:24+00:00,2022-03-31,
91,34034,Pokemon Sun & Moon,https://cdn.myanimelist.net/images/anime/11/84673.jpg,https://cdn.myanimelist.net/images/anime/11/84673l.jpg,completed,0,146,False,2022-03-31T10:53:53+00:00,2022-03-31,
92,19291,Pokemon XY,https://cdn.myanimelist.net/images/anime/12/54549.jpg,https://cdn.myanimelist.net/images/anime/12/54549l.jpg,completed,0,93,False,2022-03-31T10:53:37+00:00,2022-03-31,
93,31592,Pokemon XY&Z,https://cdn.myanimelist.net/images/anime/1599/94412.jpg,https://cdn.myanimelist.net/images/anime/1599/94412l.jpg,completed,0,47,False,2022-03-31T10:53:44+00:00,2022-03-31,
94,34325,Pokemon XY&Z Specials,https://cdn.myanimelist.net/images/anime/9/82843.jpg,https://cdn.myanimelist.net/images/anime/9/82843l.jpg,completed,0,2,False,2022-03-31T10:58:42+00:00,2022-03-31,
95,23301,Pokemon XY: Mega Evolution,https://cdn.myanimelist.net/images/anime/12/60225.jpg,https://cdn.myanimelist.net/images/anime/12/60225l.jpg,completed,0,4,False,2022-03-31T10:58:20+00:00,2022-03-31,
96,6877,Pokemon: Bokutachi Pichu Brothers - Party wa Oosawagi! no Maki,https://cdn.myanimelist.net/images/anime/6/42981.jpg,https://cdn.myanimelist.net/images/anime/6/42981l.jpg,completed,0,1,False,2022-03-31T10:58:38+00:00,2022-03-31,
97,1709,Pokemon: Mewtwo! Ware wa Koko ni Ari,https://cdn.myanimelist.net/images/anime/7/87922.jpg,https://cdn.myanimelist.net/images/anime/7/87922l.jpg,completed,0,1,False,2022-03-31T10:54:59+00:00,2022-03-31,
98,5529,Pokemon: Odoru Pokemon Himitsu Kichi,https://cdn.myanimelist.net/images/anime/3/64891.jpg,https://cdn.myanimelist.net/images/anime/3/64891l.jpg,completed,0,1,False,2022-03-31T10:57:21+00:00,2022-03-31,
99,4793,Pokemon: Pichu to Pikachu,https://cdn.myanimelist.net/images/anime/1075/97384.jpg,https://cdn.myanimelist.net/images/anime/1075/97384l.jpg,completed,0,1,False,2022-03-31T10:55:40+00:00,2022-03-31,
100,4794,Pokemon: Pikachu no Dokidoki Kakurenbo,https://cdn.myanimelist.net/images/anime/1225/97385.jpg,https://cdn.myanimelist.net/images/anime/1225/97385l.jpg,completed,0,1,False,2022-03-31T10:58:06+00:00,2022-03-31,
101,4874,Pokemon: Pikachu no Fuyuyasumi,https://cdn.myanimelist.net/images/anime/1052/97380.jpg,https://cdn.myanimelist.net/images/anime/1052/97380l.jpg,completed,0,2,False,2022-03-31T10:58:59+00:00,2022-03-31,
102,5526,Pokemon: Pikachu no Natsuyasumi,https://cdn.myanimelist.net/images/anime/1927/97383.jpg,https://cdn.myanimelist.net/images/anime/1927/97383l.jpg,completed,0,1,False,2022-03-31T10:57:31+00:00,2022-03-31,
103,4792,Pokemon: Pikachu Tankentai,https://cdn.myanimelist.net/images/anime/1488/97386.jpg,https://cdn.myanimelist.net/images/anime/1488/97386l.jpg,completed,0,1,False,2022-03-31T10:56:49+00:00,2022-03-31,
104,4795,Pokemon: Pikapika Hoshizora Camp,https://cdn.myanimelist.net/images/anime/1258/97387.jpg,https://cdn.myanimelist.net/images/anime/1258/97387l.jpg,completed,0,1,False,2022-03-31T10:56:33+00:00,2022-03-31,
105,1527,Pokemon: Senritsu no Mirage Pokemon,https://cdn.myanimelist.net/images/anime/1471/108232.jpg,https://cdn.myanimelist.net/images/anime/1471/108232l.jpg,completed,0,1,False,2022-03-31T10:55:53+00:00,2022-03-31,
106,6385,Pokemon: Yadoking no Ichinichi,https://cdn.myanimelist.net/images/anime/4/26239.jpg,https://cdn.myanimelist.net/images/anime/4/26239l.jpg,completed,0,1,False,2022-03-31T10:58:02+00:00,2022-03-31,
107,39292,Princess Connect! Re:Dive,https://cdn.myanimelist.net/images/anime/1810/106070.jpg,https://cdn.myanimelist.net/images/anime/1810/106070l.jpg,completed,7,13,False,2022-03-31T10:49:18+00:00,2022-03-31,
108,42670,Princess Connect! Re:Dive Season 2,https://cdn.myanimelist.net/images/anime/1906/117145.jpg,https://cdn.myanimelist.net/images/anime/1906/117145l.jpg,completed,8,12,False,2022-03-31T10:49:32+00:00,2022-03-31,
109,30296,Rakudai Kishi no Cavalry,https://cdn.myanimelist.net/images/anime/9/76493.jpg,https://cdn.myanimelist.net/images/anime/9/76493l.jpg,completed,7,12,False,2022-05-27T11:26:45+00:00,2022-05-27,
110,31240,Re:Zero kara Hajimeru Isekai Seikatsu,https://cdn.myanimelist.net/images/anime/1522/128039.jpg,https://cdn.myanimelist.net/images/anime/1522/128039l.jpg,on_hold,0,12,False,2022-10-08T00:55:36+00:00,,2022-03-26
111,37221,Release the Spyce,https://cdn.myanimelist.net/images/anime/1623/95617.jpg,https://cdn.myanimelist.net/images/anime/1623/95617l.jpg,completed,8,12,False,2022-05-06T11:33:05+00:00,2022-05-06,
112,32951,Rokudenashi Majutsu Koushi to Akashic Records,https://cdn.myanimelist.net/images/anime/8/85593.jpg,https://cdn.myanimelist.net/images/anime/8/85593l.jpg,completed,7,12,False,2022-06-27T07:28:08+00:00,2022-06-27,
113,20047,Sakura Trick,https://cdn.myanimelist.net/images/anime/2/56189.jpg,https://cdn.myanimelist.net/images/anime/2/56189l.jpg,completed,7,12,False,2022-05-06T11:33:11+00:00,2022-05-04,
114,37450,Seishun Buta Yarou wa Bunny Girl Senpai no Yume wo Minai,https://cdn.myanimelist.net/images/anime/1301/93586.jpg,https://cdn.myanimelist.net/images/anime/1301/93586l.jpg,completed,9,13,False,2022-09-04T19:26:18+00:00,2022-04-07,
115,38329,Seishun Buta Yarou wa Yumemiru Shoujo no Yume wo Minai,https://cdn.myanimelist.net/images/anime/1613/102179.jpg,https://cdn.myanimelist.net/images/anime/1613/102179l.jpg,completed,8,1,False,2022-07-15T04:02:37+00:00,2022-07-14,
116,47790,"Sekai Saikou no Ansatsusha, Isekai Kizoku ni Tensei suru",https://cdn.myanimelist.net/images/anime/1928/117620.jpg,https://cdn.myanimelist.net/images/anime/1928/117620l.jpg,completed,7,12,False,2022-06-07T10:30:56+00:00,2022-06-07,2022-06-07
117,50421,Shi Cao Lao Long Bei Guan Yi E Long Zhi Ming,https://cdn.myanimelist.net/images/anime/1181/127617.jpg,https://cdn.myanimelist.net/images/anime/1181/127617l.jpg,plan_to_watch,0,0,False,2022-06-27T12:34:22+00:00,,
118,47161,Shikkakumon no Saikyou Kenja,https://cdn.myanimelist.net/images/anime/1132/120388.jpg,https://cdn.myanimelist.net/images/anime/1132/120388l.jpg,completed,7,12,False,2022-07-09T07:27:53+00:00,2022-07-09,
119,38659,Shinchou Yuusha: Kono Yuusha ga Ore Tueee Kuse ni Shinchou Sugiru,https://cdn.myanimelist.net/images/anime/1715/103419.jpg,https://cdn.myanimelist.net/images/anime/1715/103419l.jpg,completed,7,12,False,2022-06-28T12:32:06+00:00,2022-06-28,
120,23233,Shinmai Maou no Testament,https://cdn.myanimelist.net/images/anime/1654/112033.jpg,https://cdn.myanimelist.net/images/anime/1654/112033l.jpg,plan_to_watch,0,0,False,2022-04-10T21:54:53+00:00,,
121,49849,Shinmai Renkinjutsushi no Tenpo Keiei,https://cdn.myanimelist.net/images/anime/1963/128728.jpg,https://cdn.myanimelist.net/images/anime/1963/128728l.jpg,completed,7,12,False,2022-12-23T09:03:13+00:00,2022-12-23,
122,40586,"Slime Taoshite 300-nen, Shiranai Uchi ni Level Max ni Nattemashita",https://cdn.myanimelist.net/images/anime/1888/133089.jpg,https://cdn.myanimelist.net/images/anime/1888/133089l.jpg,completed,8,12,False,2022-05-06T11:32:48+00:00,2022-05-02,
123,35839,Sora yori mo Tooi Basho,https://cdn.myanimelist.net/images/anime/6/89879.jpg,https://cdn.myanimelist.net/images/anime/6/89879l.jpg,completed,10,13,False,2022-04-15T11:27:35+00:00,2022-04-15,2022-04-15
124,52991,Sousou no Frieren,https://cdn.myanimelist.net/images/anime/1015/138006.jpg,https://cdn.myanimelist.net/images/anime/1015/138006l.jpg,watching,10,14,False,2023-12-08T22:16:50+00:00,,2023-12-08
125,51252,Spy Kyoushitsu,https://cdn.myanimelist.net/images/anime/1491/132864.jpg,https://cdn.myanimelist.net/images/anime/1491/132864l.jpg,plan_to_watch,0,0,False,2022-10-20T22:54:09+00:00,,
126,50265,Spy x Family,https://cdn.myanimelist.net/images/anime/1441/122795.jpg,https://cdn.myanimelist.net/images/anime/1441/122795l.jpg,on_hold,0,5,False,2022-10-08T00:55:46+00:00,,2022-04-09
127,11757,Sword Art Online,https://cdn.myanimelist.net/images/anime/11/39717.jpg,https://cdn.myanimelist.net/images/anime/11/39717l.jpg,completed,7,25,False,2022-06-09T10:27:06+00:00,2022-06-09,
128,36475,Sword Art Online Alternative: Gun Gale Online,https://cdn.myanimelist.net/images/anime/1141/93288.jpg,https://cdn.myanimelist.net/images/anime/1141/93288l.jpg,completed,7,12,False,2022-06-14T10:38:56+00:00,2022-06-14,
129,21881,Sword Art Online II,https://cdn.myanimelist.net/images/anime/1223/121999.jpg,https://cdn.myanimelist.net/images/anime/1223/121999l.jpg,completed,7,24,False,2022-06-10T08:55:29+00:00,2022-06-10,
130,31765,Sword Art Online Movie: Ordinal Scale,https://cdn.myanimelist.net/images/anime/1557/123313.jpg,https://cdn.myanimelist.net/images/anime/1557/123313l.jpg,completed,7,1,False,2022-06-11T07:37:30+00:00,2022-06-11,
131,36474,Sword Art Online: Alicization,https://cdn.myanimelist.net/images/anime/1993/93837.jpg,https://cdn.myanimelist.net/images/anime/1993/93837l.jpg,completed,8,24,False,2022-06-16T06:57:05+00:00,2022-06-15,
132,39597,Sword Art Online: Alicization - War of Underworld,https://cdn.myanimelist.net/images/anime/1630/103417.jpg,https://cdn.myanimelist.net/images/anime/1630/103417l.jpg,completed,7,12,False,2022-06-16T22:55:45+00:00,2022-06-16,
133,40540,Sword Art Online: Alicization - War of Underworld 2nd Season,https://cdn.myanimelist.net/images/anime/1438/105106.jpg,https://cdn.myanimelist.net/images/anime/1438/105106l.jpg,completed,8,11,False,2022-06-17T21:32:50+00:00,2022-06-17,
134,20021,Sword Art Online: Extra Edition,https://cdn.myanimelist.net/images/anime/1927/121997.jpg,https://cdn.myanimelist.net/images/anime/1927/121997l.jpg,completed,6,1,False,2022-06-10T08:55:18+00:00,2022-06-10,
135,50275,Sword Art Online: Progressive Movie - Kuraki Yuuyami no Scherzo,https://cdn.myanimelist.net/images/anime/1656/126446.jpg,https://cdn.myanimelist.net/images/anime/1656/126446l.jpg,plan_to_watch,0,0,False,2022-06-27T12:41:29+00:00,,
136,40594,Tatoeba Last Dungeon Mae no Mura no Shounen ga Joban no Machi de Kurasu Youna Monogatari,https://cdn.myanimelist.net/images/anime/1512/111549.jpg,https://cdn.myanimelist.net/images/anime/1512/111549l.jpg,dropped,6,4,False,2022-07-23T01:19:56+00:00,,2022-07-22
137,47159,Tensai Ouji no Akaji Kokka Saisei Jutsu,https://cdn.myanimelist.net/images/anime/1263/119511.jpg,https://cdn.myanimelist.net/images/anime/1263/119511l.jpg,completed,8,12,False,2022-06-02T10:52:47+00:00,2022-06-02,
138,37430,Tensei shitara Slime Datta Ken,https://cdn.myanimelist.net/images/anime/1069/123309.jpg,https://cdn.myanimelist.net/images/anime/1069/123309l.jpg,completed,8,24,False,2022-06-05T08:00:28+00:00,2022-06-05,
139,39551,Tensei shitara Slime Datta Ken 2nd Season,https://cdn.myanimelist.net/images/anime/1271/109841.jpg,https://cdn.myanimelist.net/images/anime/1271/109841l.jpg,completed,8,12,False,2022-06-05T08:01:47+00:00,2022-06-05,
140,41487,Tensei shitara Slime Datta Ken 2nd Season Part 2,https://cdn.myanimelist.net/images/anime/1033/118296.jpg,https://cdn.myanimelist.net/images/anime/1033/118296l.jpg,completed,8,12,False,2022-06-07T04:30:58+00:00,2022-06-06,
141,6213,Toaru Kagaku no Railgun,https://cdn.myanimelist.net/images/anime/8/53581.jpg,https://cdn.myanimelist.net/images/anime/8/53581l.jpg,completed,8,24,False,2022-04-17T07:00:57+00:00,2022-04-17,
142,16049,Toaru Kagaku no Railgun S,https://cdn.myanimelist.net/images/anime/7/75610.jpg,https://cdn.myanimelist.net/images/anime/7/75610l.jpg,completed,9,24,False,2022-05-06T11:36:18+00:00,2022-04-20,
143,22759,Toaru Kagaku no Railgun S: Daiji na Koto wa Zenbu Sentou ni Osowatta,https://cdn.myanimelist.net/images/anime/2/76119.jpg,https://cdn.myanimelist.net/images/anime/2/76119l.jpg,completed,0,1,False,2022-04-21T04:51:28+00:00,2022-04-20,
144,38481,Toaru Kagaku no Railgun T,https://cdn.myanimelist.net/images/anime/1819/103287.jpg,https://cdn.myanimelist.net/images/anime/1819/103287l.jpg,completed,9,25,False,2022-05-06T11:33:44+00:00,2022-04-30,
145,9063,Toaru Kagaku no Railgun: Entenka no Satsuei Model mo Raku Ja Arimasen wa ne.,https://cdn.myanimelist.net/images/anime/6/76118.jpg,https://cdn.myanimelist.net/images/anime/6/76118l.jpg,completed,0,1,False,2022-04-21T03:28:02+00:00,2022-04-20,
146,9047,Toaru Kagaku no Railgun: Misaka-san wa Ima Chuumoku no Mato desu kara,https://cdn.myanimelist.net/images/anime/1134/98125.jpg,https://cdn.myanimelist.net/images/anime/1134/98125l.jpg,completed,0,1,False,2022-04-21T03:27:53+00:00,2022-04-20,
147,8023,Toaru Kagaku no Railgun: Motto Marutto Railgun,https://cdn.myanimelist.net/images/anime/11/21780.jpg,https://cdn.myanimelist.net/images/anime/11/21780l.jpg,completed,0,2,False,2022-04-17T10:14:14+00:00,2022-04-17,
148,4654,Toaru Majutsu no Index,https://cdn.myanimelist.net/images/anime/2/75533.jpg,https://cdn.myanimelist.net/images/anime/2/75533l.jpg,completed,7,24,False,2022-04-16T12:30:43+00:00,2022-04-14,2022-04-10
149,8937,Toaru Majutsu no Index II,https://cdn.myanimelist.net/images/anime/9/75612.jpg,https://cdn.myanimelist.net/images/anime/9/75612l.jpg,completed,7,24,False,2022-04-22T09:48:15+00:00,2022-04-22,
150,36432,Toaru Majutsu no Index III,https://cdn.myanimelist.net/images/anime/1583/93857.jpg,https://cdn.myanimelist.net/images/anime/1583/93857l.jpg,completed,7,26,False,2022-05-06T11:33:38+00:00,2022-04-30,
151,11743,Toaru Majutsu no Index Movie: Endymion no Kiseki,https://cdn.myanimelist.net/images/anime/1885/93861.jpg,https://cdn.myanimelist.net/images/anime/1885/93861l.jpg,completed,6,1,False,2022-04-22T09:48:35+00:00,2022-04-22,
152,5955,Toaru Majutsu no Index-tan,https://cdn.myanimelist.net/images/anime/11/26651.jpg,https://cdn.myanimelist.net/images/anime/11/26651l.jpg,completed,0,2,False,2022-04-14T11:40:31+00:00,2022-04-14,
153,41389,Tonikaku Kawaii,https://cdn.myanimelist.net/images/anime/1613/108722.jpg,https://cdn.myanimelist.net/images/anime/1613/108722l.jpg,completed,8,12,False,2022-05-31T05:51:30+00:00,2022-05-30,
154,45598,Tonikaku Kawaii: Kaisou,https://cdn.myanimelist.net/images/anime/1980/110984.jpg,https://cdn.myanimelist.net/images/anime/1980/110984l.jpg,completed,0,1,False,2022-05-31T06:19:04+00:00,2022-05-30,
155,44931,Tonikaku Kawaii: SNS,https://cdn.myanimelist.net/images/anime/1765/122768.jpg,https://cdn.myanimelist.net/images/anime/1765/122768l.jpg,completed,8,1,False,2022-06-14T10:53:03+00:00,2022-05-30,
156,40615,Umibe no Étranger,https://cdn.myanimelist.net/images/anime/1668/108792.jpg,https://cdn.myanimelist.net/images/anime/1668/108792l.jpg,plan_to_watch,0,0,False,2022-06-15T00:38:48+00:00,,
157,51552,Watashi no Shiawase na Kekkon,https://cdn.myanimelist.net/images/anime/1147/122444.jpg,https://cdn.myanimelist.net/images/anime/1147/122444l.jpg,plan_to_watch,0,0,False,2022-04-07T01:03:04+00:00,,
158,37393,"Watashi, Nouryoku wa Heikinchi de tte Itta yo ne!",https://cdn.myanimelist.net/images/anime/1205/111403.jpg,https://cdn.myanimelist.net/images/anime/1205/111403l.jpg,completed,7,12,False,2022-06-08T06:41:16+00:00,2022-06-07,
159,35507,Youkoso Jitsuryoku Shijou Shugi no Kyoushitsu e,https://cdn.myanimelist.net/images/anime/5/86830.jpg,https://cdn.myanimelist.net/images/anime/5/86830l.jpg,completed,8,12,False,2022-05-26T12:13:45+00:00,2022-05-26,
160,50175,"Yuusha, Yamemasu",https://cdn.myanimelist.net/images/anime/1934/122301.jpg,https://cdn.myanimelist.net/images/anime/1934/122301l.jpg,completed,8,12,False,2022-06-21T23:16:20+00:00,2022-06-21,
161,51562,"Yuusha, Yamemasu: Kenshuu Ryokou wa Mokuteki wo Miushinau na",https://cdn.myanimelist.net/images/anime/1369/123738.jpg,https://cdn.myanimelist.net/images/anime/1369/123738l.jpg,plan_to_watch,0,0,False,2022-06-27T12:59:29+00:00,,
